frequencies,amplitudes
0.0,0.0
500.0,1.374188224167396e-16
1000.0,1.0000000000000002
1500.0,5.809119541460936e-16
2000.0,0.5000000000000001
2500.0,2.8315698242561387e-16
3000.0,1.2123318702625675e-16
