frequencies,amplitudes
0.0,0.0
1000.0,1.0
2000.0,0.5000000000000002
3000.0,2.09495883249179e-16
4000.0,3.5869074291186017e-17
5000.0,1.4651480295175923e-16
6000.0,0.5000000000000001
7000.0,1.0
