frequencies,amplitudes
0.0,0.0
500.0,0.8090394687849695
1000.0,1.0
1500.0,0.719832425331571
2000.0,0.5000000000000002
2500.0,0.26500873021390653
3000.0,2.09495883249179e-16
