frequencies,amplitudes
0.0,0.0
500.0,1.374188224167396e-16
1000.0,1.0000000000000002
1500.0,5.809119541460936e-16
2000.0,0.5000000000000001
2500.0,2.8315698242561387e-16
3000.0,1.2123318702625675e-16
3500.0,3.9303217771380063e-16
4000.0,2.7986387452830715e-16
4500.0,4.789016091446269e-16
5000.0,2.9051559044207316e-16
5500.0,9.74460409547894e-16
6000.0,0.5
6500.0,1.9428902930940237e-16
7000.0,1.0000000000000002
7500.0,2.1838010430482673e-15
8000.0,5.913117823236685e-16
